provinsi,year,wilayah,tpt,pe,defis,ginim,idi,popd,pvty (Head Count Index ),ginis,sch,hdi,nac,shuc,internet,pop,exp,psectorsize,gdpc,femaleprof,glroadprov,tlroadprov,pgi
ACEH,2010,KBI,8.37,0,0.008454715,0.261,65.36,78,20.98,0.301,8.28,67.09,3381,33988,17.5,4494,8454714.845,0.192743415,22450.14,51.14,0.506462985,1702,4.11
ACEH,2011,KBI,9,1.13,0.006885755,0.353,55.54,80,19.57,0.326,8.32,67.45,3659,73299,19.95,4619,6885754.87,0.189876843,22704.8,53.76,0.506462985,1702,3.5
ACEH,2012,KBI,9.06,1.74,0.007167031,0.337,54.02,81,18.58,0.341,8.36,67.81,3583,41242,22.46,4715,7167031.349,0.19773235,23099.13,52.12,0.506462985,1702,3.07
ACEH,2013,KBI,10.12,0.56,0.007139795,0.404,63.56,83,17.72,0.331,8.44,68.3,3913,116859,22.34,4811,7139795.466,0.203022675,23228.59,53.14,0.52173913,1702,3.2
ACEH,2014,KBI,9.02,-0.43,0.007318127,0.358,72.29,85,16.98,0.337,8.71,68.81,3764,646238,25.18,4907,7318126.757,0.203517234,23129.04,53.28,0.52173913,1702,3.14
ACEH,2015,KBI,9.93,-2.61,0.006980902,0.367,67.78,86,17.11,0.339,8.77,69.45,4490,225644,31.07,5002,6980902.237,0.212666359,22524.31,52.43,0.521885522,1782,3.11
SUMATERA UTARA,2010,KBI,7.43,0,0.004061126,0.279,63.45,179,11.31,0.346,8.51,67.09,6222,266587,22.06,12982,4061126.332,0.07764653,25412.07,47.25,0.506177326,2752,2.04
SUMATERA UTARA,2011,KBI,8.18,5.11,0.004141599,0.361,66.15,181,11.33,0.305,8.61,67.34,6391,302035,25.28,13221,4141598.728,0.076170175,26711.24,56.32,0.506177326,2752,1.84
SUMATERA UTARA,2012,KBI,6.28,4.96,0.005312224,0.334,58.51,184,10.41,0.331,8.72,67.74,6395,302035,28.44,13408,5312224.261,0.075328773,28036.88,51.62,0.506540698,2752,1.82
SUMATERA UTARA,2013,KBI,6.45,4.65,0.005372057,0.386,58.8,186,10.39,0.328,8.79,68.36,6678,373121,28.19,13590,5372056.985,0.073869,29339.21,50.67,0.521438953,2752,1.72
SUMATERA UTARA,2014,KBI,6.23,3.88,0.004402167,0.346,68.02,189,9.85,0.31,8.93,68.87,6708,500513,31.75,13767,4402166.733,0.072236674,30477.07,52.46,0.521482453,3049,1.71
SUMATERA UTARA,2015,KBI,6.71,3.81,0.004702787,0.36,69.01,191,10.79,0.326,9.03,69.51,6285,588746,35.23,13938,4702787.444,0.070415667,31637.41,53.47,0.521482453,3049,1.89
SUMATERA BARAT,2010,KBI,6.95,0,0.002489987,0.306,63.04,116,9.5,0.325,8.13,67.25,2319,125023,30,4847,2489987.406,0.136149489,21584.91,57.83,0.506932409,1154,1.49
SUMATERA BARAT,2011,KBI,8.02,4.88,0.001858212,0.353,65.02,117,9.04,0.332,8.2,67.81,2366,129545,29.07,4933,1858211.645,0.13008416,22638.75,56.13,0.506932409,1154,1.36
SUMATERA BARAT,2012,KBI,6.65,4.88,0.00220183,0.38,60.82,119,8,0.355,8.27,68.36,2494,159499,33.13,5000,2201830.471,0.126111826,23744.01,54.19,0.506932409,1154,1.24
SUMATERA BARAT,2013,KBI,7.02,4.69,0.002079116,0.397,54.11,121,7.56,0.351,8.28,68.91,2641,285573,33.75,5067,2079116.443,0.124628452,24857.64,55.32,0.520797227,1154,1.27
SUMATERA BARAT,2014,KBI,6.5,4.53,0.002181045,0.338,63.99,122,6.89,0.332,8.29,69.36,2621,190215,36.94,5132,2181044.629,0.120727337,25982.83,57.05,0.520714866,1231,0.75
SUMATERA BARAT,2015,KBI,6.89,4.23,0.002394862,0.358,67.46,124,6.71,0.319,8.42,69.98,2723,183202,44.65,5196,2394861.665,0.126243513,27080.76,56.75,0.520655738,1525,1.26
RIAU,2010,KBI,8.72,0,0.004281124,0.286,71.45,64,8.65,0.326,8.25,68.65,3282,95570,34.62,5538,4281123.714,0.040963499,69701.03,48.24,0.506410256,1872,1.38
RIAU,2011,KBI,6.09,2.78,0.004526614,0.378,70.65,66,8.47,0.324,8.29,68.9,3417,152460,26.25,5726,4526613.909,0.040745083,71637.89,53.65,0.506410256,1872,1.21
RIAU,2012,KBI,4.37,1.06,0.00586961,0.414,67,68,8.05,0.383,8.34,69.15,3541,119791,30.28,5879,5869610.05,0.039572523,72396.34,46.46,5.07486631,187,1.13
RIAU,2013,KBI,5.48,-0.14,0.005108616,0.398,68.37,69,8.42,0.393,8.38,69.91,3532,160172,32.98,6033,5108616.114,0.041994374,72297.05,49.12,0.522435897,1872,1.18
RIAU,2014,KBI,6.56,0.13,0.005392522,0.389,68.4,71,7.99,0.379,8.47,70.33,3094,177528,37.82,6188,5392521.805,0.039723907,72390.88,52.94,0.522255193,3033,1.2
RIAU,2015,KBI,7.83,-2.24,0.006029762,0.392,65.83,73,8.82,0.366,8.49,70.84,3051,175024,44.43,6344,6029761.61,0.041023503,70769.78,49.24,0.522255193,3033,1.45
JAMBI,2010,KBI,5.39,0,0.001766971,0.293,65.88,62,8.34,0.304,7.34,65.39,2346,44509,16.99,3092,1766970.869,0.088549224,29160.16,43.78,0.505859375,512,1.05
JAMBI,2011,KBI,4.63,5.82,0.001878046,0.349,70.46,63,8.65,0.348,7.48,66.14,2357,41666,22.06,3168,1878045.551,0.08600872,30856.66,51.73,0.505859375,512,0.96
JAMBI,2012,KBI,3.2,5.06,0.002204018,0.364,68.81,64,8.28,0.359,7.69,66.94,2435,54217,25.92,3227,2204018.294,0.085862851,32417.72,48.62,0.505859375,512,1.37
JAMBI,2013,KBI,4.76,4.92,0.001607225,0.383,64.41,66,8.42,0.327,7.8,67.76,2272,51204,30.47,3286,1607224.763,0.084066204,34012.1,49.35,0.51953125,512,1.12
JAMBI,2014,KBI,5.08,5.49,0.00207022,0.314,71.15,67,8.39,0.342,7.92,68.24,2291,104710,32.83,3344,2070219.788,0.081677983,35878.09,48.88,0.519553073,895,1.12
JAMBI,2015,KBI,4.34,2.44,0.001995137,0.381,70.68,68,9.12,0.344,7.96,68.89,2263,104710,39.44,3402,1995136.825,0.078713702,36753.52,48.66,0.522923588,1505,1.6
SUMATERA SELATAN,2010,KBI,6.65,0,0.003396365,0.309,73.65,82,15.47,0.34,7.34,64.44,3160,106154,17.69,7450,3396364.861,0.081281517,25932,50.01,0.507317073,1025,2.63
SUMATERA SELATAN,2011,KBI,6.6,4.73,0.003362396,0.34,67.92,83,14.24,0.401,7.42,65.12,3461,117053,20.03,7599,3362395.995,0.079251984,27157.98,51.79,0.507317073,1025,2.54
SUMATERA SELATAN,2012,KBI,5.66,5.23,0.003822597,0.448,73.17,84,13.48,0.397,7.5,65.79,4609,117053,23.5,7714,3822596.805,0.07915789,28577.89,49.34,0.507317073,1025,1.85
SUMATERA SELATAN,2013,KBI,4.84,3.78,0.003673916,0.409,67.12,85,14.06,0.375,7.53,66.16,4227,138363,26.09,7829,3673915.564,0.079905141,29656.76,51.32,0.522926829,1025,2.49
SUMATERA SELATAN,2014,KBI,4.96,3.3,0.003515422,0.438,74.82,87,13.62,0.381,7.66,66.75,4336,344044,30.19,7942,3515421.711,0.077549711,30636.27,52.09,0.522923588,1505,2.41
SUMATERA SELATAN,2015,KBI,6.07,2.98,0.003338136,0.39,79.81,88,13.77,0.334,7.77,67.46,4450,582044,35.74,8052,3338136.319,0.076630074,31549.3,53.31,0.5215311,1463,1.88
BENGKULU,2010,KBI,5.57,0,0.000970554,0.319,70.78,86,18.3,0.365,7.85,65.35,1313,71210,40.31,1716,970553.7717,0.200385798,16463.68,48.66,0.506864989,1748,2.75
BENGKULU,2011,KBI,6.38,4.97,0.000931785,0.386,71.36,88,17.5,0.372,7.93,65.96,1379,70616,22.97,1753,931785.1758,0.195660065,17282.27,50.13,0.506864989,1748,2.6
BENGKULU,2012,KBI,5.2,4.98,0.001180001,0.39,61.7,90,17.51,0.36,8.01,66.61,1415,61033,26.3,1784,1180000.557,0.193300676,18143.51,50.07,0.506864989,1748,3.05
BENGKULU,2013,KBI,5.69,4.28,0.001073278,0.432,59.17,91,17.75,0.372,8.09,67.5,1608,142796,28.41,1814,1073277.992,0.19150196,18919.3,51.66,0.52173913,1748,3.24
BENGKULU,2014,KBI,4.79,3.74,0.001235897,0.404,71.7,93,17.09,0.355,8.28,68.06,1686,73263,32.03,1845,1235897.061,0.19521299,19626.72,50.75,0.521828104,1466,2.85
BENGKULU,2015,KBI,5.14,3.44,0.001348565,0.405,73.6,94,17.16,0.371,8.29,68.59,1709,73378,38.19,1875,1348565.459,0.199199644,20302.48,52.27,0.506078055,1563,3.63
LAMPUNG,2010,KBI,5.63,0,0.002082984,0.309,67.8,220,18.94,0.36,7.26,63.71,1996,72511,19.53,7608,2082983.754,0.082914669,19722.39,46.07,0.506352087,551,2.98
LAMPUNG,2011,KBI,3.86,5.16,0.002076583,0.373,74.08,223,16.93,0.322,7.28,64.2,2249,287649,16.33,7736,2076582.548,0.083057802,20739.31,49.21,0.506352087,551,2.77
LAMPUNG,2012,KBI,3.43,5.09,0.002587949,0.396,72.26,226,15.65,0.356,7.3,64.87,2249,287649,20.48,7835,2587948.619,0.082857541,21794.83,51.21,0.506352087,551,2.53
LAMPUNG,2013,KBI,3.65,4.48,0.002672257,0.412,63.13,229,14.39,0.356,7.32,65.73,2875,82193,19.62,7932,2672256.667,0.081628282,22770.68,49.14,0.524500907,551,2.23
LAMPUNG,2014,KBI,5.14,3.85,0.002570176,0.4,71.62,232,14.21,0.331,7.48,66.42,3041,386044,22.93,8026,2570176.236,0.079627173,23647.27,51.08,0.523915462,899,2.3
LAMPUNG,2015,KBI,6.29,3.95,0.002711731,0.403,65.95,234,13.53,0.352,7.56,66.95,2760,1259833,27.66,8117,2711730.851,0.084660088,24581.78,46.24,0.521432766,1703,2.36
KEP. BANGKA BELITUNG,2010,KBI,6.9,0,0.001067207,0.255,65.94,75,6.51,0.296,7.07,66.02,633,27920,22.18,1223,1067207.075,0.097861097,28906.78,46.37,0.506078055,1563,0.93
KEP. BANGKA BELITUNG,2011,KBI,5.38,4.52,0.001107282,0.314,67.13,77,5.75,0.32,7.19,66.59,707,34563,24.29,1258,1107282.312,0.099046558,30212.18,52.93,0.506078055,1563,0.66
KEP. BANGKA BELITUNG,2012,KBI,5.08,3.18,0.001090955,0.3,69.37,78,5.37,0.311,7.25,67.21,745,121862,26.04,1287,1090954.684,0.099622076,31172.42,45.73,0.506078055,1563,0.66
KEP. BANGKA BELITUNG,2013,KBI,5.63,2.92,0.00116279,0.325,68.79,80,5.25,0.307,7.32,67.92,805,259153,28.72,1315,1162789.812,0.100071395,32081.3,47.03,0.506078055,1563,0.62
KEP. BANGKA BELITUNG,2014,KBI,6.69,2.43,0.001081239,0.316,75.32,82,4.97,0.295,7.35,68.27,836,226125,31.31,1344,1081239.364,0.101235848,32859.64,47.87,0.506078055,1563,0.6
KEP. BANGKA BELITUNG,2015,KBI,6.2,1.89,0.001224818,0.291,72.31,84,4.83,0.275,7.46,69.05,812,30965,39.75,1373,1224818.369,0.101569478,33480.38,49.64,0.523915462,899,0.9
KEP. RIAU,2010,KBI,11.05,0,0.002011063,0.227,62.89,206,8.05,0.293,9.38,71.13,1372,10993,15.33,1679,2011063.22,0.060602907,65703.34,37.27,0.506334459,2368,1.05
KEP. RIAU,2011,KBI,11.69,3.53,0.001738908,0.312,70.78,213,7.4,0.379,9.46,71.61,1444,13011,40.5,1749,1738908.123,0.060136016,68024.21,39.92,0.506334459,2368,1.01
KEP. RIAU,2012,KBI,9.67,4.27,0.00185338,0.349,65.61,220,6.83,0.393,9.58,72.36,1444,13011,47.68,1805,1853379.713,0.059642898,70930,46.22,0.506756757,2368,0.85
KEP. RIAU,2013,KBI,8.63,3.97,0.001617911,0.359,66.5,227,6.35,0.38,9.63,73.02,1173,30169,49.57,1861,1617910.77,0.057889492,73743.33,42.97,0.521537162,2368,1.02
KEP. RIAU,2014,KBI,8.47,3.49,0.001945613,0.404,68.39,234,6.4,0.437,9.64,73.4,1391,64175,52.57,1917,1945613.023,0.056020991,76313.81,38.43,0.521432766,1703,0.74
KEP. RIAU,2015,KBI,7.23,3.03,0.00146679,0.361,70.26,241,5.78,0.339,9.65,73.75,1125,51649,60.53,1973,1466789.762,0.05455946,78625.43,46.41,0.519553073,895,0.86
DKI JAKARTA,2010,KBI,10.33,0,0.025692407,0.416083333,77.44,14518,3.48,0.361,10.37,76.31,4790,451582,19.13,9608,25692406.9,0.1273705,111528.86,43.38,0.405757576,6600,0.45
DKI JAKARTA,2011,KBI,9.96,5.51,0.025655183,0.438,77.81,14687,3.75,0.402,10.4,76.98,5021,528999,56.85,9752,25655183.42,0.127481791,117672.92,42.53,0.405697022,6951,0.6
DKI JAKARTA,2012,KBI,9.08,5.34,0.028063863,0.421,77.72,14852,3.7,0.437,10.43,77.53,5177,662551,63.62,9862,28063863.36,0.126605546,123962.38,48.83,0.405840886,6951,0.56
DKI JAKARTA,2013,KBI,9.16,4.92,0.030280497,0.433,71.18,15015,3.72,0.404,10.47,78.08,5579,769321,62.07,9970,30280497.28,0.130686636,130060.31,42.47,0.405840886,6951,0.39
DKI JAKARTA,2014,KBI,8.45,4.81,0.028932474,0.431,84.7,15173,4.09,0.436,10.54,78.39,5645,1845098,66.61,10075,28932474.48,0.125908731,136312.34,42.96,0.405840886,6951,0.6
DKI JAKARTA,2015,KBI,8.72,4.84,0.029570202,0.431,85.32,15328,3.61,0.421,10.7,78.99,6016,2121863,74.32,10178,29570202.34,0.120095603,142913.61,44.69,0.405766226,7041,0.27
JAWA BARAT,2010,KBI,6.21,0,0.011065881,0.298,59.41,1222,11.27,0.356,7.4,66.15,14771,971373,27.44,43054,11065880.56,0.060574549,20974.94,38.01,0.506139154,2199,1.93
JAWA BARAT,2011,KBI,7.07,4.78,0.010427499,0.422,66.18,1242,10.65,0.38,7.46,66.67,14856,1076372,28.24,43939,10427499.49,0.056906102,21976.53,38.19,0.506139154,2199,1.72
JAWA BARAT,2012,KBI,5.61,4.82,0.013330548,0.423,57.05,1262,9.89,0.422,7.52,67.32,15051,993250,32.48,44644,13330548.2,0.056736193,23036,38.76,0.506139154,2199,1.62
JAWA BARAT,2013,KBI,6.01,4.7,0.010688198,0.423,65.18,1282,9.61,0.406,7.58,68.25,15130,1569913,32.57,45341,10688198.47,0.053832636,24118.31,38.44,0.520691223,2199,1.65
JAWA BARAT,2014,KBI,5.68,3.52,0.014572179,0.433,71.52,1301,9.18,0.398,7.71,68.8,15633,1678967,37.47,46030,14572178.51,0.053091382,24966.86,40.22,0.520766773,2191,1.39
JAWA BARAT,2015,KBI,4.99,3.52,0.015810469,0.433,73.04,1320,9.57,0.426,7.86,69.5,16855,1849061,44.67,46710,15810469.24,0.054633918,25845.5,40,0.520766773,2191,1.67
JAWA TENGAH,2010,KBI,5.69,0,0.007226321,0.297,63.42,989,16.56,0.341,6.71,66.08,19617,1003128,19.12,32383,7226320.875,0.079373476,19209.31,44.89,0.508436445,889,2.49
JAWA TENGAH,2011,KBI,4.39,4.4,0.006785136,0.414,65.59,998,15.76,0.357,6.74,66.64,19679,278835,23.3,32725,6785136.45,0.077598165,20053.8,46.97,0.508436445,889,2.56
JAWA TENGAH,2012,KBI,3.9,4.47,0.008315764,0.409,63.79,1006,14.98,0.372,6.77,67.21,21146,361262,30.39,32999,8315764.274,0.076043069,20950.62,45.22,0.508436445,889,2.39
JAWA TENGAH,2013,KBI,3.24,4.27,0.00771266,0.421,60.84,1014,14.44,0.39,6.8,68.02,21832,563916,31.68,33264,7712659.994,0.076282978,21844.87,45.7,0.524184477,889,2.37
JAWA TENGAH,2014,KBI,3.33,4.46,0.009479553,0.402,77.44,1022,13.58,0.388,6.93,68.78,22563,629741,35.24,33523,9479552.694,0.07404745,22819.16,45.67,0.524032825,853,2.09
JAWA TENGAH,2015,KBI,4.07,4.68,0.010250448,0.42,69.75,1030,13.32,0.382,7.03,69.49,23059,687017,41.42,33774,10250448.49,0.07203809,23887.06,47.72,0.521829522,2405,2.17
DI YOGYAKARTA,2010,KBI,4.25,0,0.001564866,0.331,74.33,1107,16.83,0.407,8.51,75.37,1926,66375,38.12,3457,1564865.69,0.152258048,18652.97,46.01,0.506692913,2540,2.85
DI YOGYAKARTA,2011,KBI,5.38,3.94,0.001435632,0.39,71.67,1120,16.08,0.423,8.53,75.93,1926,92750,43.19,3510,1435632.5,0.151369967,19387.45,44.54,0.506692913,2540,2.51
DI YOGYAKARTA,2012,KBI,4.11,4.11,0.001653028,0.435,72.96,1134,15.88,0.449,8.63,76.15,2061,92863,49.32,3553,1653028.054,0.152153912,20183.88,43.83,0.506692913,2540,2.89
DI YOGYAKARTA,2013,KBI,4.3,4.23,0.001514994,0.45,72.36,1147,15.03,0.416,8.72,76.44,2172,98422,51.02,3595,1514993.956,0.152767706,21037.7,47.95,0.521653543,2540,2.13
DI YOGYAKARTA,2014,KBI,4.19,3.95,0.001985952,0.444,82.71,1161,14.55,0.435,8.84,76.81,2269,71486,56.03,3637,1985951.586,0.151579792,21867.9,45.76,0.52182385,2566,2.35
DI YOGYAKARTA,2015,KBI,4.47,3.75,0.002165001,0.443,83.19,1174,13.16,0.42,9,77.59,2369,230383,61.18,3679,2165001.435,0.152371583,22688.36,45.3,0.50726979,619,2.32
JAWA TIMUR,2010,KBI,13.68,0,0.011492276,0.287,55.12,786,15.26,0.337,6.73,65.36,19437,1137739,23.75,37477,11492275.73,0.0603293,26371.1,45.64,0.505797101,690,2.38
JAWA TIMUR,2011,KBI,13.74,5.66,0.010083527,0.387,55.98,792,14.23,0.351,6.79,66.06,25052,1711148,22.86,37841,10083527.44,0.057751185,27864.26,48.27,0.505797101,690,2.27
JAWA TIMUR,2012,KBI,9.94,5.9,0.011333243,0.385,54.99,797,13.08,0.362,6.85,66.74,25154,2114755,28.47,38107,11333243.26,0.057619669,29508.4,46.81,0.507246377,690,1.93
JAWA TIMUR,2013,KBI,9.54,5.37,0.010150433,0.387,59.32,803,12.73,0.368,6.9,67.55,25552,1492117,30.37,38363,10150433.38,0.057180812,31092.04,46.78,0.507246377,690,2.07
JAWA TIMUR,2014,KBI,9.07,5.18,0.0127276,0.391,70.36,808,12.28,0.403,7.05,68.14,27140,4457067,34.2,38610,12727599.55,0.055476563,32703.39,46.04,0.507246377,690,1.86
JAWA TIMUR,2015,KBI,9.55,4.8,0.013660914,0.442,76.9,813,12.28,0.403,7.14,68.95,27472,6755911,40.46,38848,13660914.12,0.053806212,34271.81,46.44,0.522167488,1421,2.13
BANTEN,2010,KBI,3.06,0,0.003238535,0.289,60.6,1106,7.16,0.419,7.92,67.54,4083,183712,14.6,10632,3238535.103,0.045826123,25397.65,39.69,0.506746627,2001,1
BANTEN,2011,KBI,2.95,4.53,0.003313873,0.404,67.37,1133,6.32,0.394,7.95,68.22,4298,148249,31.54,10944,3313873.054,0.046521822,26548.94,41.01,0.506746627,2001,0.9
BANTEN,2012,KBI,2.1,4.4,0.003881259,0.387,65.29,1159,5.71,0.384,8.06,68.92,4298,148249,37.94,11199,3881259.288,0.045808622,27716.47,39.34,0.506746627,2001,0.95
BANTEN,2013,KBI,1.83,4.31,0.00368541,0.402,69.79,1185,5.89,0.38,8.17,69.47,4578,603160,38.59,11453,3685409.561,0.044979582,28910.66,38.17,0.522238881,2001,1.02
BANTEN,2014,KBI,1.9,3.24,0.004579291,0.401,75.5,1211,5.51,0.424,8.19,69.89,3895,1587398,43.14,11705,4579291.449,0.042591757,29846.64,41.07,0.522430437,1761,0.79
BANTEN,2015,KBI,1.99,3.24,0.005112725,0.411,68.46,1237,5.75,0.386,8.27,70.27,4168,324672,48.15,11955,5112724.764,0.042361372,30813.03,41.32,0.524590164,732,0.9
BALI,2010,KBI,5.29,0,0.002663962,0.313,72.44,676,4.88,0.366,7.74,70.1,3632,249269,14.74,3891,2663961.606,0.11679856,23992.63,43.19,0.506228766,883,0.71
BALI,2011,KBI,5.25,5.31,0.002599587,0.409,74.2,685,4.2,0.387,7.77,70.87,3766,491833,32.73,3958,2599586.57,0.117251885,25265.96,41.32,0.506228766,883,0.66
BALI,2012,KBI,5.23,5.63,0.002963937,0.459,71.75,693,3.95,0.397,8.05,71.62,3970,134621,38.91,4007,2963936.566,0.11647523,26689.58,39.5,0.506228766,883,0.39
BALI,2013,KBI,5.3,5.4,0.002636341,0.419,72.22,702,4.49,0.44,8.1,72.09,4202,181562,41.96,4056,2636341.215,0.116431745,28129.67,41.79,0.5198188,883,0.7
BALI,2014,KBI,5.75,5.47,0.003160839,0.429,76.13,710,4.76,0.442,8.11,72.48,4401,231454,45.67,4105,3160838.604,0.099670756,29668.9,44.36,0.519163763,861,0.86
BALI,2015,KBI,5.69,4.8,0.003251402,0.382,79.83,718,5.25,0.399,8.26,73.27,4327,289185,53.64,4153,3251402.479,0.100170107,31093.61,45.46,0.519515478,743,1.13
NUSA TENGGARA BARAT,2010,KTI,3.34,0,0.001291345,0.328,58.13,243,21.55,0.396,5.73,61.16,2848,38660,14.97,4500,1291345.062,0.130960833,15527.41,39,0.506239826,1843,3.77
NUSA TENGGARA BARAT,2011,KTI,3.11,-5.29,0.001317863,0.38,54.49,247,19.73,0.366,6.07,62.14,2693,18864,13.58,4582,1317862.907,0.143657667,14705.77,39.37,0.506239826,1843,3.54
NUSA TENGGARA BARAT,2012,KTI,3.04,-2.92,0.0015157,0.39,57.97,250,18.02,0.354,6.33,62.98,3186,55176,16.25,4647,1515699.942,0.150567526,14276.69,40.92,0.506239826,1843,3.2
NUSA TENGGARA BARAT,2013,KTI,3.25,3.73,0.001520884,0.398,57.22,254,17.25,0.349,6.54,63.76,2627,60979,17.75,4711,1520884.426,0.145680354,14809.84,40.96,0.520889853,1843,2.72
NUSA TENGGARA BARAT,2014,KTI,3.26,3.78,0.001577359,0.426,62.62,257,17.05,0.391,6.67,64.31,2283,74410,22.33,4774,1577358.84,0.151448274,15369.94,40.38,0.520880361,1772,2.92
NUSA TENGGARA BARAT,2015,KTI,3.83,20.2,0.002018989,0.399,65.08,260,16.54,0.36,6.71,65.19,2385,82775,27.76,4836,2018988.824,0.126725677,18475.14,43.95,0.520538721,1485,2.72
NUSA TENGGARA TIMUR,2010,KTI,4.62,0,0.001259152,0.345,72.05,97,23.03,0.378,6.5,59.21,1487,20505,21.38,4684,1259152.022,0.273215906,9316.79,44.28,0.507196315,1737,4.74
NUSA TENGGARA TIMUR,2011,KTI,4.6,3.85,0.001115603,0.357,72.34,98,21.23,0.33,6.6,60.24,1800,130093,10.49,4789,1115603.104,0.275039619,9675.89,45.87,0.507196315,1737,4.2
NUSA TENGGARA TIMUR,2012,KTI,3.54,3.67,0.0016295,0.379,72.67,100,20.41,0.358,6.71,60.81,2122,123168,13.02,4871,1629499.952,0.276216232,10030.98,47.22,0.507772021,1737,3.47
NUSA TENGGARA TIMUR,2013,KTI,3.99,3.65,0.001490817,0.36,73.29,102,20.24,0.344,6.76,61.68,2408,159604,15.28,4954,1490816.898,0.294853814,10396.76,44.88,0.507772021,1737,3.04
NUSA TENGGARA TIMUR,2014,KTI,4.04,3.32,0.001700835,0.345,68.81,103,19.6,0.355,6.85,62.26,2818,211364,17.5,5037,1700834.602,0.28699864,10742.32,48.15,0.507772021,1737,3.25
NUSA TENGGARA TIMUR,2015,KTI,5.15,3.22,0.001976307,0.332,78.47,105,22.58,0.348,6.93,62.67,3394,384138,21.68,5120,1976306.648,0.29254655,11087.91,47.52,0.507772021,1737,4.62
KALIMANTAN BARAT,2010,KTI,4.14,0,0.001873049,0.309,69.32,30,9.02,0.37,6.27,61.97,2302,85001,23.1,4396,1873048.839,0.126787305,19510.07,41.28,0.506642512,1656,1.18
KALIMANTAN BARAT,2011,KTI,3.54,3.68,0.0018795,0.417,74.86,30,8.6,0.363,6.32,62.35,2363,99422,18.64,4489,1879500.241,0.126556345,20227.16,43.42,0.506642512,1656,1.24
KALIMANTAN BARAT,2012,KTI,3.14,4.13,0.002223543,0.434,65.38,31,7.96,0.395,6.62,63.41,2529,110697,20.45,4566,2223543.35,0.125505435,21062.22,45.37,0.506642512,1656,1.24
KALIMANTAN BARAT,2013,KTI,3,4.32,0.002058166,0.439,67.52,32,8.74,0.384,6.69,64.3,2697,117990,20.12,4641,2058166.396,0.125490051,21971.93,40.6,0.52173913,1656,1.3
KALIMANTAN BARAT,2014,KTI,3.24,3.37,0.002164952,0.423,80.58,32,8.07,0.402,6.83,64.89,2871,142226,23.91,4716,2164951.743,0.126548427,22712.65,46.62,0.521766965,1562,1.26
KALIMANTAN BARAT,2015,KTI,4.54,3.28,0.002329207,0.354,76.4,33,8.44,0.33,6.93,65.59,2944,162705,31.41,4790,2329207.083,0.130036593,23456.52,46.77,0.521766965,1562,1.09
KALIMANTAN TENGAH,2010,KTI,5.25,0,0.00154811,0.295,71.1,14,6.77,0.304,7.62,65.96,1718,30070,29.51,2212,1548109.626,0.145361915,25455.05,43.31,0.506440281,1708,1.02
KALIMANTAN TENGAH,2011,KTI,6.29,4.45,0.001586137,0.339,76.28,15,6.56,0.334,7.68,66.38,1894,30628,20.87,2275,1586136.589,0.145173801,26588.9,45.22,0.506440281,1708,0.99
KALIMANTAN TENGAH,2012,KTI,5.19,4.36,0.001988479,0.367,65.78,15,6.19,0.332,7.73,66.66,1999,43723,23.9,2330,1988478.561,0.147573508,27749.01,43.55,0.506440281,1708,1.08
KALIMANTAN TENGAH,2013,KTI,3.66,4.89,0.001560195,0.403,64.15,16,6.23,0.358,7.79,67.41,2186,63400,27.07,2385,1560195.173,0.14655946,29106.4,43.86,0.521662763,1708,1.02
KALIMANTAN TENGAH,2014,KTI,3.8,3.81,0.001978646,0.419,79,16,6.07,0.365,7.82,67.77,2268,90192,31.38,2440,1978645.641,0.14645957,30216.73,47.59,0.521818182,1100,0.97
KALIMANTAN TENGAH,2015,KTI,4.92,4.64,0.001963409,0.366,73.46,16,5.91,0.3,8.03,68.53,2405,57320,38.17,2495,1963409.442,0.151229743,31619.18,45.07,0.521818182,1100,1.02
KALIMANTAN SELATAN,2010,KTI,10.1,0,0.002660389,0.306,70.94,94,5.21,0.366,7.25,65.2,1493,50323,23.12,3627,2660388.502,0.124938314,23418.47,45.05,0.506157635,812,0.69
KALIMANTAN SELATAN,2011,KTI,11.43,4.91,0.002681795,0.387,66.47,96,5.29,0.353,7.37,65.89,1578,184007,27.31,3714,2681794.526,0.121365981,24567.52,45.02,0.506157635,812,0.81
KALIMANTAN SELATAN,2012,KTI,9.02,3.99,0.00356412,0.404,61.13,98,5.01,0.364,7.48,66.68,1616,144203,30.18,3785,3564119.977,0.118585232,25547.77,42.16,0.506157635,812,0.76
KALIMANTAN SELATAN,2013,KTI,7.95,3.43,0.002836731,0.386,63.71,99,4.76,0.356,7.59,67.17,1633,121776,33.6,3855,2836731.497,0.116634251,26423.9,44.04,0.522167488,812,0.61
KALIMANTAN SELATAN,2014,KTI,7.38,3.01,0.00318288,0.388,70.84,101,4.81,0.326,7.6,67.63,1669,119743,35.84,3923,3182880.23,0.114217257,27220.27,44.32,0.522300469,852,0.65
KALIMANTAN SELATAN,2015,KTI,7.5,2.08,0.003044687,0.377,74.76,103,4.72,0.334,7.76,68.38,1769,132766,44.99,3990,3044687.363,0.116209794,27786.68,45.03,0.522300469,852,0.98
KALIMANTAN TIMUR,2010,KTI,,0,0.007535741,0.31,73.04,17,7.66,0.368,8.56,71.31,3458,86002,22.36,3553,7535741.449,0.03656208,116946.31,37.56,0.506435006,1554,1.27
KALIMANTAN TIMUR,2011,KTI,,3.63,0.008856792,0.366,66.37,18,6.77,0.323,8.79,72.02,3458,86002,37.38,3674,8856791.851,0.036695056,121196.23,40.65,0.506435006,1554,0.92
KALIMANTAN TIMUR,2012,KTI,,2.73,0.009872666,0.353,71.23,18,6.38,0.363,8.83,72.62,3458,86002,42.92,3772,9872665.75,0.037239957,124501.88,39.17,0.506435006,1554,0.99
KALIMANTAN TIMUR,2013,KTI,,0.15,0.007876097,0.369,68.13,19,6.38,0.366,8.87,73.21,3950,129230,44.31,3871,7876097.118,0.03998008,133868.68,43.14,0.521235521,1554,1.25
KALIMANTAN TIMUR,2014,KTI,,-0.58,0.006941427,0.336,77.77,26,6.31,0.361,9.04,73.82,3524,116863,48.54,3970,6941426.622,0.039374698,133086.11,41.3,0.521341463,1640,0.79
KALIMANTAN TIMUR,2015,KTI,5.68,-3.37,0.005190276,0.313,81.24,27,6.1,0.315,9.15,74.17,3501,231361,55.03,3427,5190276.284,0.037889709,128603.13,42.4,0.521341463,1640,0.69
KALIMANTAN UTARA,2010,KTI,9.61,,,,,,,,,,,,,,,0.095293713,,,,,
KALIMANTAN UTARA,2011,KTI,10.1,,,,,,,,,,,,,,,0.090661316,,,,,
KALIMANTAN UTARA,2012,KTI,7.98,,,,,,,,,,,,,,,0.089856477,,,,,1.18
KALIMANTAN UTARA,2013,KTI,6.79,,,,,,,,8.1,67.99,,,,,,0.100399211,74106.93,36.27,,,
KALIMANTAN UTARA,2014,KTI,7.54,4.11,0.001027927,,,,,,8.35,68.64,426,12367,,,1027926.896,0.09849268,77152.6,38.59,,,
KALIMANTAN UTARA,2015,KTI,9.03,-0.43,0.001455195,0.298,80.16,,6.32,0.314,8.36,68.76,512,12289,47.63,642,1455195.063,0.085592177,76823.46,39.7,0.521111111,900,0.7
SULAWESI UTARA,2010,KTI,4.61,0,0.001444844,0.34,65.94,164,9.1,0.37,8.66,67.83,3185,14867,19.77,2271,1444844.134,0.162845585,22707.79,53.36,0.505844846,941,1.14
SULAWESI UTARA,2011,KTI,6.78,4.87,0.001138981,0.401,71.19,166,8.51,0.358,8.68,68.31,2970,5742,31.2,2306,1138980.655,0.169162463,23812.97,51.04,0.505844846,941,1.1
SULAWESI UTARA,2012,KTI,3.95,5.6,0.00135712,0.455,76.5,168,7.64,0.43,8.71,69.04,3359,8064,32.29,2334,1357119.844,0.169410562,25145.96,52.02,0.505844846,941,2.82
SULAWESI UTARA,2013,KTI,4.19,5.17,0.001200735,0.425,73.11,170,8.5,0.446,8.79,69.49,3396,17892,35.26,2360,1200735.178,0.170481025,26445.86,51.88,0.505844846,941,1.16
SULAWESI UTARA,2014,KTI,3.68,5.14,0.001446218,0.464,83.94,172,8.26,0.436,8.86,69.96,3426,11404,39.1,2387,1446217.575,0.173862246,27805.52,52.45,0.505319149,940,1.28
SULAWESI UTARA,2015,KTI,4.1,5,0.001560279,0.386,79.4,174,8.98,0.366,8.88,70.39,2927,13342,45.32,2412,1560279.15,0.180106123,29196.47,55.16,0.505606524,981,1.54
SULAWESI TENGAH,2010,KTI,8.37,0,0.001299913,0.334,66.63,43,18.07,0.366,7.65,63.29,1198,13850,23.57,2635,1299913.405,0.154766441,19558.53,48.4,0.504901961,408,3.09
SULAWESI TENGAH,2011,KTI,8.13,7.91,0.001259691,0.389,64,44,15.83,0.388,7.69,64.27,1197,16928,18.09,2693,1259691.228,0.149685916,21105.7,51,0.504901961,408,2.76
SULAWESI TENGAH,2012,KTI,6.01,7.67,0.001456078,0.399,64.97,44,14.94,0.387,7.73,65,1295,29232,20.01,2739,1456078.174,0.143863628,22724.47,50.03,0.504901961,408,1.68
SULAWESI TENGAH,2013,KTI,5.1,7.77,0.001341684,0.445,64.5,45,14.32,0.391,7.82,65.79,1323,49343,22.81,2786,1341684.46,0.137979189,24490.98,50.65,0.524509804,408,2.28
SULAWESI TENGAH,2014,KTI,5.08,3.37,0.001456314,0.406,74.36,46,13.61,0.352,7.89,66.43,1470,32381,24.08,2831,1456313.892,0.137704023,25316.27,51.92,0.524249423,433,2.11
SULAWESI TENGAH,2015,KTI,5.95,13.68,0.001681369,0.425,76.67,47,14.07,0.37,7.97,66.76,1495,31944,32.31,2877,1681368.637,0.129442935,28778.64,48.3,0.520691785,1619,2.37
SULAWESI SELATAN,2010,KTI,4.61,0,0.002681583,0.361,56.67,173,11.6,0.404,7.29,66,5105,235611,19.47,8035,2681583.352,0.11982057,21306.72,49.03,0.506136475,2037,1.91
SULAWESI SELATAN,2011,KTI,4.69,6.86,0.00262632,0.395,65.31,175,10.29,0.427,7.33,66.65,5523,131997,25.68,8156,2626319.653,0.116017253,22769.19,50.71,0.506136475,2037,1.65
SULAWESI SELATAN,2012,KTI,4.14,7.63,0.003115375,0.407,68.55,177,9.82,0.418,7.37,67.26,5442,192523,29.16,8250,3115374.748,0.111042236,24507.17,51.94,0.506136475,2037,1.92
SULAWESI SELATAN,2013,KTI,4.38,6.43,0.003420666,0.443,65.2,179,10.32,0.432,7.45,67.92,5051,263586,30.67,8342,3420665.992,0.105969007,26083.42,52.73,0.520864016,2037,1.65
SULAWESI SELATAN,2014,KTI,4.43,6.39,0.003287699,0.436,75.3,180,9.54,0.448,7.49,68.49,5318,630953,33.71,8432,3287698.936,0.100453922,27749.47,50.73,0.520691785,1619,1.41
SULAWESI SELATAN,2015,KTI,5.55,6.08,0.003551346,0.421,67.9,182,10.12,0.404,7.64,69.15,5404,473325,41.47,8520,3551345.707,0.101304297,29435.92,52.95,0.520666667,1500,1.58
SULAWESI TENGGARA,2010,KTI,5.16,0,0.001114434,0.351,54.79,59,17.05,0.421,7.57,65.99,2323,40464,23.54,2233,1114434.381,0.159348434,21573.11,47.16,0.506349206,1260,3.18
SULAWESI TENGGARA,2011,KTI,6.74,8.18,0.001148814,0.406,57.56,60,14.56,0.389,7.67,66.52,2510,8145,17.31,2294,1148813.729,0.1741517,23338.07,46.69,0.506349206,1260,2.61
SULAWESI TENGGARA,2012,KTI,4.47,9.22,0.001230765,0.417,57.26,62,13.06,0.403,7.76,67.07,2510,8145,22.34,2346,1230764.889,0.158104605,25489.79,44.69,0.506349206,1260,3.21
SULAWESI TENGGARA,2013,KTI,4.15,5.2,0.001261055,0.459,52.61,63,13.73,0.391,7.93,67.55,2443,3522,24.12,2397,1261054.798,0.15672967,26815.36,45.44,0.520634921,1260,1.83
SULAWESI TENGGARA,2014,KTI,4.18,4.03,0.001418292,0.454,70.13,64,12.77,0.399,8.02,68.07,2616,13373,28.1,2448,1418291.917,0.15102245,27896.05,46.47,0.520905923,1148,2.09
SULAWESI TENGGARA,2015,KTI,4.65,4.68,0.001597933,0.414,69.44,66,13.74,0.381,8.18,68.75,2697,39951,35.76,2500,1597932.86,0.147589859,29202.7,48.73,0.523290387,1009,2.05
GORONTALO,2010,KTI,3.25,0,0.000631873,0.438,64.97,93,23.19,0.431,6.85,62.65,666,18265,12.59,1040,631872.9093,0.235385774,14811.95,54.98,0.507936508,441,4.14
GORONTALO,2011,KTI,3.35,5.91,0.000613452,0.418,62.77,94,18.75,0.4,6.89,63.48,682,18348,21.45,1063,613452.3538,0.236744724,15687.65,53.92,0.507936508,441,3.72
GORONTALO,2012,KTI,2.16,6.14,0.000668588,0.398,59.37,96,17.22,0.413,6.92,64.16,707,17898,26.3,1080,668587.8332,0.231777313,16650.27,57.62,0.507936508,441,1.74
GORONTALO,2013,KTI,2.35,5.94,0.000674801,0.385,67.21,98,18.01,0.445,6.96,64.7,706,22111,30.77,1098,674800.9313,0.229108686,17639.12,56.63,0.507936508,441,3.22
GORONTALO,2014,KTI,2.08,5.57,0.000732334,0.409,73.82,99,17.41,0.453,6.97,65.17,741,27134,34.87,1116,732334.344,0.219266868,18622.44,58.19,0.508310249,722,3.13
GORONTALO,2015,KTI,3.35,4.57,0.000817224,0.423,76.77,101,18.16,0.401,7.05,65.86,644,23313,37.92,1133,817223.6802,0.219423032,19474.13,58.53,0.524249423,433,3.08
SULAWESI BARAT,2010,KTI,9.97,0,0.000607992,0.33,68.82,69,13.58,0.364,6.63,59.74,447,6322,7.18,1159,607992.2105,0.185798105,14755.47,47.08,0.50716091,1187,1.55
SULAWESI BARAT,2011,KTI,10.81,8.59,0.000574998,0.374,66.36,71,13.89,0.371,6.65,60.63,513,1326,13.67,1188,574998.4822,0.17901968,16023.45,51.85,0.50800337,1187,2.32
SULAWESI BARAT,2012,KTI,7.71,7.15,0.000655775,0.354,63.65,72,13.01,0.335,6.76,61.01,534,1326,16.23,1211,655775.0302,0.171018506,17169.06,51.65,0.50800337,1187,4.38
SULAWESI BARAT,2013,KTI,9.91,4.89,0.000694195,0.428,64.02,74,12.23,0.324,6.87,61.53,705,7037,18.24,1234,694194.8996,0.164975466,18008.81,52.22,0.52316765,1187,1.3
SULAWESI BARAT,2014,KTI,10.51,6.79,0.0007706,0.329,76.69,75,12.05,0.378,6.88,62.24,735,8749,20.94,1258,770599.963,0.162342349,19232.05,51.1,0.523178808,906,1.94
SULAWESI BARAT,2015,KTI,9.93,5.3,0.000815797,0.395,68.25,76,11.9,0.362,6.94,62.96,735,10910,26.81,1282,815797.1768,0.168104815,20250.51,53.28,0.510752688,186,1.54
MALUKU,2010,KTI,6.03,0,0.000970185,0.322,69.51,33,27.74,0.329,8.64,64.27,1870,21445,15.3,1534,970184.9207,0.386729505,11951.84,42.44,0.506203474,1612,5.23
MALUKU,2011,KTI,5.34,4.4,0.000921756,0.402,68.38,33,23,0.356,8.72,64.75,1912,3839,19.55,1571,921755.697,0.399956081,12477.19,50.81,0.506203474,1612,4.99
MALUKU,2012,KTI,4.82,5.22,0.00101565,0.373,59.68,34,20.76,0.382,8.8,65.43,2090,12262,22.89,1600,1015649.686,0.406395569,13129.11,49.68,0.506203474,1612,0.85
MALUKU,2013,KTI,3.8,3.37,0.000965985,0.356,66.23,35,19.27,0.347,8.81,66.09,2160,3857,24.26,1628,965985.4764,0.410438505,13572.07,48.95,0.520471464,1612,3.52
MALUKU,2014,KTI,5.29,4.77,0.00107617,0.338,72.72,35,18.44,0.33,9.15,66.74,2370,32683,28.52,1657,1076169.542,0.397959232,14219.62,48.79,0.520431766,1297,4.11
MALUKU,2015,KTI,6.05,3.66,0.001275681,0.312,65.9,36,19.36,0.338,9.16,67.05,2418,34848,34.82,1687,1275680.935,0.409675858,14740.38,49.71,0.520801233,1298,4.79
MALUKU UTARA,2010,KTI,7.68,0,0.000670463,0.278,59.92,33,9.42,0.336,7.91,62.79,778,10662,14.6,1038,670463.4498,0.281328344,14361.54,46.94,0.506159614,1867,1.47
MALUKU UTARA,2011,KTI,6.73,4.41,0.000735541,0.316,59.17,33,9.18,0.343,7.98,63.19,848,18582,13.18,1067,735540.5714,0.299068337,14994.63,46.27,0.506159614,1867,1.13
MALUKU UTARA,2012,KTI,5.42,4.64,0.000936327,0.327,66.83,34,8.06,0.306,8.04,63.93,820,17831,14.3,1091,936326.9059,0.303806797,15691.01,47.85,0.506159614,1867,5.71
MALUKU UTARA,2013,KTI,4.4,4.09,0.000864215,0.282,64.06,35,7.64,0.32,8.27,64.78,777,18189,16.87,1115,864214.8164,0.308597276,16332.22,43.24,0.506159614,1867,0.89
MALUKU UTARA,2014,KTI,5.02,3.29,0.000862444,0.335,67.9,36,7.41,0.322,8.34,65.18,831,13566,20.26,1139,862443.6383,0.313088681,16869.52,49.28,0.506159614,1867,1.16
MALUKU UTARA,2015,KTI,8.08,3.94,0.001027464,0.282,61.52,36,6.22,0.286,8.37,65.91,640,33969,25.34,1162,1027464.369,0.311866851,17533.78,44.57,0.50587314,1277,1.15
PAPUA BARAT,2010,KTI,3.55,0,0.003394017,0.346,67.75,8,34.88,0.381,6.77,59.6,515,6975,17.24,760,3394016.516,0.163962071,54049.32,40.17,0.506673785,1873,10.47
PAPUA BARAT,2011,KTI,5.02,0.91,0.003129784,0.335,61.78,8,31.92,0.374,6.82,59.9,515,6975,20.56,786,3129784.259,0.168801537,54539.86,38.92,0.506673785,1873,8.78
PAPUA BARAT,2012,KTI,3.71,0.93,0.002864073,0.42,65.7,8,27.04,0.407,6.87,60.3,515,6975,24.89,807,2864072.774,0.179120472,55047.84,38.81,0.506673785,1873,7.35
PAPUA BARAT,2013,KTI,3.15,4.6,0.002576879,0.391,60.7,9,27.14,0.418,6.91,60.91,610,130355,22.88,828,2576879.055,0.179437335,57581.36,39.56,0.521623065,1873,5.89
PAPUA BARAT,2014,KTI,3.44,2.71,0.003993262,0.437,65.65,9,26.26,0.405,6.96,61.28,785,101188,27.52,850,3993262.258,0.174919666,59142.59,37.03,0.521681121,1499,5.92
PAPUA BARAT,2015,KTI,3.99,1.56,0.00415511,0.343,59.97,9,25.73,0.428,7.01,61.73,708,14516,34.61,872,4155110.347,0.175272473,60064.13,37.52,0.508225108,2310,5.29
PAPUA,2010,KTI,7.14,0,0.005569277,0.408,60.26,9,36.8,0.414,5.59,54.45,1182,25499,12.08,2833,5569276.758,0.164153439,38785.11,42.93,0.506891271,1306,9.36
PAPUA,2011,KTI,7.48,-6.19,0.005547096,0.335,59.05,9,31.98,0.384,5.6,55.01,1182,25500,10.66,2915,5547095.688,0.178255709,36383.24,38.33,0.506891271,1306,7.86
PAPUA,2012,KTI,6.13,-0.28,0.00552607,0.384,60.71,9,30.66,0.446,5.73,55.55,1372,19758,11.73,2974,5526069.503,0.188257274,36280.03,31.56,0.507656968,1306,1.9
PAPUA,2013,KTI,6.17,6.45,0.004973899,0.409,60.92,10,31.53,0.441,5.74,56.25,1676,32072,10.98,3033,4973898.545,0.188560399,38621.36,34.19,0.507656968,1306,6.56
PAPUA,2014,KTI,5.94,1.68,0.006495124,0.35,62.15,10,27.8,0.459,5.76,56.75,1784,45985,11.99,3091,6495123.631,0.197603937,39271.88,35.23,0.508070175,1425,6.42
PAPUA,2015,KTI,6.18,5.36,0.007188775,0.339,57.55,10,28.4,0.392,5.99,57.25,1711,47905,16.28,3149,7188775.384,0.193541887,41376.97,34.08,0.521636241,2958,0.85
